<?xml version="1.0" encoding="UTF-8"?>
<rss version="2.0" xmlns:ror="http://rorweb.com/0.1/" >
<channel>
  <title>ROR Sitemap for https://hussien-qais.github.io/t/</title>
  <link>https://hussien-qais.github.io/t/</link>

<item>
     <link>https://hussien-qais.github.io/t/</link>
     <title>احتساب الترفيع - النسخة الذهبية</title>
     <description>احتساب الترفيع - النسخة الذهبية</description>
     <ror:updatePeriod></ror:updatePeriod>
     <ror:sortOrder>0</ror:sortOrder>
     <ror:resourceOf>sitemap</ror:resourceOf>
</item>
</channel>
</rss>
  